               epoch,      train/box_loss,      train/cls_loss,      train/dfl_loss,      train/loss,   metrics/precision,      metrics/recall,     metrics/mAP_0.5,metrics/mAP_0.5:0.95,        val/box_loss,        val/cls_loss,        val/dfl_loss,               x/lr0,               x/lr1,               x/lr2
0,4.4954,5.3063,5.3934,44.45875,0.0092926,0.00978,0.0032021,0.00084219,3.6925,5.1861,5.7635,0.070204,0.0033107,0.0033107
1,4.4394,4.9395,5.2012,43.56705,0.008139,0.022005,0.0029199,0.00076651,4.2031,8.245,10.444,0.040171,0.0066111,0.0066111
2,3.9583,4.3693,4.667,38.8724,0.022223,0.061125,0.012886,0.0032463,3.3777,4.9706,4.8398,0.010105,0.0098785,0.0098785
3,3.3583,3.8423,3.9432,33.0232,0.10392,0.22249,0.066014,0.021213,2.7406,5.3118,4.0029,0.0098515,0.0098515,0.0098515
4,2.9235,3.2555,3.4014,28.6561,0.26702,0.33741,0.23481,0.10202,2.3108,3.5025,3.3227,0.0098515,0.0098515,0.0098515
5,2.5868,2.7988,3.0137,25.32095,0.6212,0.50611,0.53565,0.26642,2.2013,2.4278,3.0957,0.009802,0.009802,0.009802
6,2.3886,2.5342,2.8179,23.40845,0.60814,0.6109,0.65466,0.376,1.8775,2.1391,2.8114,0.0097525,0.0097525,0.0097525
7,2.2617,2.2961,2.6889,22.14415,0.72095,0.57457,0.67289,0.39755,1.8719,1.9969,2.7727,0.009703,0.009703,0.009703
8,2.1336,2.1533,2.5723,20.9371,0.67345,0.66056,0.70861,0.41153,1.767,2.1971,2.6129,0.0096535,0.0096535,0.0096535
9,2.0191,1.9665,2.4385,19.78425,0.79625,0.72619,0.826,0.50748,1.626,1.7191,2.518,0.009604,0.009604,0.009604
10,1.9556,1.8806,2.3646,19.1542,0.73878,0.62926,0.72996,0.46452,1.6285,1.7174,2.4605,0.0095545,0.0095545,0.0095545
11,1.9049,1.8369,2.312,18.6732,0.78979,0.7824,0.86367,0.57791,1.4426,1.4327,2.2942,0.009505,0.009505,0.009505
12,1.8589,1.7404,2.2438,18.17765,0.8408,0.74328,0.86712,0.58064,1.5403,1.4098,2.3428,0.0094555,0.0094555,0.0094555
13,1.8042,1.6787,2.2055,17.6791,0.78826,0.79707,0.85833,0.58256,1.4957,1.3059,2.3042,0.009406,0.009406,0.009406
14,1.7943,1.6422,2.1825,17.5521,0.84061,0.6846,0.81317,0.55464,1.4844,1.5458,2.3082,0.0093565,0.0093565,0.0093565
15,1.7654,1.6031,2.1866,17.32195,0.82974,0.83863,0.90099,0.62392,1.3935,1.1798,2.1919,0.009307,0.009307,0.009307
16,1.715,1.5463,2.1229,16.82,0.86725,0.82152,0.90987,0.61282,1.4783,1.1481,2.2047,0.0092575,0.0092575,0.0092575
17,1.67,1.4812,2.0808,16.3868,0.85437,0.86066,0.92236,0.65376,1.3708,1.067,2.1613,0.009208,0.009208,0.009208
18,1.6812,1.4696,2.0816,16.4662,0.83463,0.82675,0.90875,0.64307,1.396,1.0891,2.1868,0.0091585,0.0091585,0.0091585
19,1.6787,1.4824,2.0735,16.4417,0.84752,0.82898,0.9089,0.65815,1.3263,1.1513,2.1011,0.009109,0.009109,0.009109
20,1.6237,1.3965,2.0293,15.91995,0.88479,0.87042,0.93994,0.68233,1.2833,1.0121,2.0878,0.0090595,0.0090595,0.0090595
21,1.6131,1.3858,2.017,15.81665,0.87578,0.88264,0.93319,0.67613,1.2705,0.99908,2.0636,0.00901,0.00901,0.00901
22,1.591,1.3487,2.0043,15.6133,0.84215,0.88699,0.94251,0.6747,1.2792,0.99681,2.0589,0.0089605,0.0089605,0.0089605
23,1.5827,1.3241,1.9988,15.5305,0.90353,0.87023,0.93807,0.69163,1.2506,0.96579,2.0413,0.008911,0.008911,0.008911
24,1.567,1.2925,1.9859,15.3776,0.83852,0.89731,0.93414,0.68797,1.2547,0.99987,2.0382,0.0088615,0.0088615,0.0088615
25,1.5464,1.2912,1.9694,15.1977,0.86785,0.85103,0.91208,0.65549,1.3493,1.0647,2.0995,0.008812,0.008812,0.008812
26,1.5638,1.2924,1.9594,15.3138,0.88417,0.84597,0.93399,0.68875,1.2624,0.98689,2.0386,0.0087625,0.0087625,0.0087625
27,1.5309,1.257,1.9349,15.0126,0.88977,0.88813,0.95349,0.69965,1.2552,0.88637,2.027,0.008713,0.008713,0.008713
28,1.5208,1.2344,1.9409,14.93455,0.89163,0.86504,0.93847,0.68719,1.2752,0.90199,2.0647,0.0086635,0.0086635,0.0086635
29,1.5021,1.2096,1.9251,14.7582,0.88549,0.88864,0.93869,0.69279,1.2274,0.94823,1.9843,0.008614,0.008614,0.008614
30,1.4926,1.2298,1.9038,14.6651,0.89201,0.86841,0.9485,0.69816,1.2238,0.88165,1.9934,0.0085645,0.0085645,0.0085645
31,1.4811,1.2117,1.9073,14.57505,0.87184,0.89487,0.95006,0.70065,1.2094,0.90263,2.0001,0.008515,0.008515,0.008515
32,1.4615,1.1683,1.8983,14.39285,0.8768,0.90485,0.96028,0.7207,1.1973,0.78139,1.9594,0.0084655,0.0084655,0.0084655
33,1.4543,1.1591,1.8818,14.3095,0.90684,0.88509,0.95705,0.71617,1.2026,0.81541,1.9752,0.008416,0.008416,0.008416
34,1.4489,1.1408,1.8636,14.23255,0.86925,0.92652,0.96052,0.72635,1.1889,0.78425,1.961,0.0083665,0.0083665,0.0083665
35,1.459,1.1424,1.8692,14.3175,0.89026,0.89259,0.95003,0.71406,1.2309,0.80492,2.0014,0.008317,0.008317,0.008317
36,1.4146,1.1172,1.8581,13.95525,0.89722,0.89976,0.95907,0.71435,1.2399,0.77412,2.005,0.0082675,0.0082675,0.0082675
37,1.4264,1.1087,1.8324,14.00095,0.86059,0.94132,0.96237,0.72664,1.1831,0.78115,1.9478,0.008218,0.008218,0.008218
38,1.4353,1.157,1.858,14.13025,0.90739,0.86243,0.94541,0.71386,1.2038,0.82864,1.9626,0.0081685,0.0081685,0.0081685
39,1.4005,1.0919,1.835,13.8022,0.90671,0.90305,0.96368,0.72631,1.1681,0.74443,1.9463,0.008119,0.008119,0.008119
40,1.4074,1.0994,1.8529,13.88455,0.87557,0.88753,0.94834,0.70605,1.1665,0.84615,1.912,0.0080695,0.0080695,0.0080695
41,1.3978,1.0809,1.8344,13.77555,0.89037,0.89359,0.95501,0.71367,1.1907,0.84025,1.9532,0.00802,0.00802,0.00802
42,1.3961,1.0786,1.8235,13.7453,0.913,0.89806,0.96737,0.73432,1.1559,0.74486,1.9294,0.0079705,0.0079705,0.0079705
43,1.3749,1.0479,1.8105,13.55145,0.87389,0.9488,0.95715,0.73014,1.1492,0.747,1.9015,0.007921,0.007921,0.007921
44,1.374,1.06,1.8213,13.56695,0.86738,0.94349,0.96412,0.72595,1.1451,0.74487,1.9141,0.0078715,0.0078715,0.0078715
45,1.3785,1.0501,1.8008,13.565,0.92898,0.92176,0.96997,0.73717,1.1551,0.72881,1.9053,0.007822,0.007822,0.007822
46,1.3576,1.0308,1.7949,13.38975,0.91564,0.91932,0.97181,0.73703,1.1428,0.74627,1.9315,0.0077725,0.0077725,0.0077725
47,1.3607,1.0527,1.7933,13.42155,0.91771,0.92176,0.97115,0.74062,1.154,0.71736,1.9207,0.007723,0.007723,0.007723
48,1.3562,1.0186,1.7897,13.36535,0.88422,0.9511,0.97392,0.73515,1.147,0.7145,1.9062,0.0076735,0.0076735,0.0076735
49,1.3284,1.0077,1.7763,13.1313,0.93215,0.91443,0.96921,0.74097,1.124,0.73055,1.8989,0.007624,0.007624,0.007624
50,1.3494,1.0103,1.7969,13.321,0.91138,0.93037,0.96504,0.72699,1.164,0.71035,1.9356,0.0075745,0.0075745,0.0075745
51,1.3339,1.0012,1.7693,13.1588,0.94701,0.89976,0.97542,0.74572,1.1122,0.69803,1.8772,0.007525,0.007525,0.007525
52,1.3479,1.0087,1.7696,13.268,0.93886,0.90111,0.96831,0.74356,1.1117,0.70539,1.89,0.0074755,0.0074755,0.0074755
53,1.3148,0.99383,1.763,13.002415,0.94119,0.90004,0.96875,0.74961,1.1205,0.68738,1.8861,0.007426,0.007426,0.007426
54,1.3378,0.99167,1.7761,13.193485,0.92312,0.91932,0.97245,0.7521,1.0964,0.67535,1.8599,0.0073765,0.0073765,0.0073765
55,1.3132,0.98804,1.7712,12.99982,0.90871,0.9511,0.97574,0.75674,1.1167,0.67253,1.8819,0.007327,0.007327,0.007327
56,1.317,0.98322,1.7642,13.01541,0.92414,0.91932,0.96998,0.75857,1.0764,0.67745,1.8134,0.0072775,0.0072775,0.0072775
57,1.3033,0.97442,1.7578,12.89866,0.92127,0.91553,0.97271,0.74459,1.1204,0.69508,1.8785,0.007228,0.007228,0.007228
58,1.2871,0.96554,1.7343,12.73747,0.9025,0.94377,0.97116,0.74966,1.0974,0.6821,1.8567,0.0071785,0.0071785,0.0071785
59,1.3143,0.96548,1.7472,12.96079,0.88868,0.96088,0.97787,0.76012,1.1095,0.64527,1.88,0.007129,0.007129,0.007129
60,1.2769,0.94231,1.7233,12.632855,0.88559,0.94623,0.97289,0.75225,1.1197,0.65455,1.8879,0.0070795,0.0070795,0.0070795
61,1.2737,0.9336,1.7071,12.5802,0.91813,0.93643,0.97309,0.74423,1.1109,0.6476,1.8768,0.00703,0.00703,0.00703
62,1.2885,0.9774,1.7399,12.7623,0.91528,0.93399,0.97298,0.75747,1.0726,0.6738,1.8314,0.0069805,0.0069805,0.0069805
63,1.2645,0.92997,1.7175,12.524985,0.91603,0.9291,0.97023,0.75696,1.0705,0.66479,1.825,0.006931,0.006931,0.006931
64,1.2829,0.93289,1.7263,12.677645,0.92867,0.93399,0.97411,0.76078,1.0441,0.65577,1.7782,0.0068815,0.0068815,0.0068815
65,1.2889,0.94479,1.7242,12.725445,0.92257,0.94132,0.97469,0.74906,1.1049,0.66223,1.8498,0.006832,0.006832,0.006832
66,1.2814,0.95636,1.7228,12.67288,0.91964,0.90465,0.96949,0.76224,1.058,0.69011,1.802,0.0067825,0.0067825,0.0067825
67,1.2542,0.92738,1.7044,12.42679,0.92363,0.94628,0.97273,0.76363,1.0864,0.63688,1.8469,0.006733,0.006733,0.006733
68,1.2729,0.92386,1.7347,12.61073,0.92472,0.91932,0.97375,0.75485,1.0936,0.65288,1.8635,0.0066835,0.0066835,0.0066835
69,1.2697,0.9537,1.7238,12.5853,0.89542,0.942,0.96905,0.75425,1.1194,0.65981,1.8905,0.006634,0.006634,0.006634
70,1.2577,0.90484,1.7095,12.44942,0.88397,0.94995,0.97311,0.76348,1.0432,0.6515,1.7948,0.0065845,0.0065845,0.0065845
71,1.2388,0.8977,1.6965,12.2846,0.93163,0.91443,0.97309,0.76393,1.0853,0.63889,1.8281,0.006535,0.006535,0.006535
72,1.2242,0.88854,1.6783,12.14322,0.90102,0.93482,0.97201,0.75203,1.0949,0.6867,1.8529,0.0064855,0.0064855,0.0064855
73,1.2273,0.86004,1.67,12.13977,0.93275,0.91687,0.9732,0.77011,1.0464,0.62853,1.7858,0.006436,0.006436,0.006436
74,1.2284,0.8976,1.6863,12.19125,0.91836,0.96088,0.97978,0.78062,1.0072,0.59272,1.7485,0.0063865,0.0063865,0.0063865
75,1.24,0.90802,1.701,12.30551,0.92982,0.91443,0.97344,0.76732,1.0474,0.64016,1.8028,0.006337,0.006337,0.006337
76,1.2186,0.87739,1.6721,12.086345,0.91251,0.94621,0.97633,0.77719,1.0447,0.61614,1.7914,0.0062875,0.0062875,0.0062875
77,1.2132,0.87518,1.6685,12.03934,0.91085,0.94922,0.97742,0.77164,1.0427,0.62965,1.7742,0.006238,0.006238,0.006238
78,1.2085,0.87376,1.6717,12.00818,0.9005,0.95155,0.97558,0.78392,1.0207,0.58975,1.7625,0.0061885,0.0061885,0.0061885
79,1.2264,0.87844,1.6776,12.15362,0.91542,0.95262,0.97157,0.75985,1.0631,0.61983,1.8021,0.006139,0.006139,0.006139
80,1.2238,0.85991,1.6661,12.107605,0.90873,0.94936,0.97652,0.77826,1.0523,0.61412,1.7955,0.0060895,0.0060895,0.0060895
81,1.1933,0.85893,1.6597,11.868765,0.91958,0.90709,0.97309,0.77139,1.0523,0.61426,1.7982,0.00604,0.00604,0.00604
82,1.2041,0.85706,1.658,11.94628,0.9255,0.94155,0.97737,0.77376,1.0442,0.60434,1.7915,0.0059905,0.0059905,0.0059905
83,1.2005,0.84769,1.6544,11.909195,0.91953,0.94995,0.97589,0.77741,1.0348,0.63586,1.7647,0.005941,0.005941,0.005941
84,1.1974,0.84632,1.648,11.87566,0.92997,0.93643,0.97909,0.78327,1.0207,0.59067,1.7693,0.0058915,0.0058915,0.0058915
85,1.1896,0.84919,1.6522,11.824895,0.9191,0.94445,0.97722,0.77321,1.0668,0.58982,1.8468,0.005842,0.005842,0.005842
86,1.1941,0.85663,1.6612,11.875865,0.92666,0.92665,0.97626,0.77663,1.0364,0.59622,1.792,0.0057925,0.0057925,0.0057925
87,1.1977,0.83612,1.6498,11.87551,0.89956,0.96346,0.97687,0.77461,1.0498,0.60385,1.7911,0.005743,0.005743,0.005743
88,1.1902,0.85136,1.6566,11.83708,0.93166,0.92665,0.97797,0.78639,1.0651,0.60403,1.8047,0.0056935,0.0056935,0.0056935
89,1.1955,0.83335,1.6516,11.860325,0.92615,0.95054,0.98104,0.77874,1.0587,0.59213,1.8023,0.005644,0.005644,0.005644
90,1.1803,0.82754,1.6345,11.71777,0.90647,0.94789,0.97769,0.77821,1.0597,0.59651,1.822,0.0055945,0.0055945,0.0055945
91,1.1685,0.84754,1.6396,11.64692,0.92318,0.94019,0.97886,0.77964,1.049,0.58826,1.8194,0.005545,0.005545,0.005545
92,1.1816,0.83955,1.6334,11.731875,0.9282,0.94823,0.97953,0.77794,1.0374,0.59737,1.7865,0.0054955,0.0054955,0.0054955
93,1.174,0.84295,1.6429,11.690825,0.93769,0.93888,0.97977,0.77882,1.0233,0.57799,1.7781,0.005446,0.005446,0.005446
94,1.1818,0.82746,1.6385,11.73498,0.92896,0.95355,0.98089,0.78227,1.0486,0.5697,1.8149,0.0053965,0.0053965,0.0053965
95,1.1708,0.82722,1.6398,11.65431,0.93794,0.94132,0.97776,0.78037,1.0194,0.57406,1.7705,0.005347,0.005347,0.005347
96,1.1702,0.8245,1.6396,11.64815,0.91838,0.93543,0.97453,0.78128,1.0404,0.61201,1.7845,0.0052975,0.0052975,0.0052975
97,1.1577,0.80238,1.6272,11.52474,0.92324,0.94102,0.98255,0.78125,1.0193,0.5654,1.7714,0.005248,0.005248,0.005248
98,1.1456,0.8129,1.6167,11.4235,0.93087,0.92186,0.97866,0.77778,1.0419,0.57253,1.7849,0.0051985,0.0051985,0.0051985
99,1.1439,0.80795,1.612,11.401225,0.93676,0.94377,0.97819,0.77855,1.035,0.59192,1.7817,0.005149,0.005149,0.005149
100,1.1372,0.80114,1.6284,11.37217,0.90333,0.95956,0.97858,0.77954,1.0687,0.57441,1.8273,0.0050995,0.0050995,0.0050995
101,1.1432,0.80536,1.6139,11.39753,0.9311,0.94621,0.98201,0.79094,1.0036,0.58306,1.7414,0.00505,0.00505,0.00505
102,1.1389,0.81206,1.6147,11.36983,0.94068,0.93047,0.98041,0.77885,1.0384,0.55931,1.7744,0.0050005,0.0050005,0.0050005
103,1.158,0.79934,1.6219,11.51752,0.94882,0.93399,0.98187,0.78191,1.0205,0.56961,1.7591,0.004951,0.004951,0.004951
104,1.1307,0.79206,1.5969,11.27163,0.90874,0.97388,0.98318,0.7957,0.99414,0.54473,1.7445,0.0049015,0.0049015,0.0049015
105,1.1342,0.78353,1.6072,11.309065,0.9124,0.9677,0.98212,0.79216,0.98966,0.55091,1.7424,0.004852,0.004852,0.004852
106,1.1133,0.7612,1.5881,11.1125,0.94463,0.93154,0.98193,0.7925,1.0131,0.56987,1.7633,0.0048025,0.0048025,0.0048025
107,1.1418,0.79047,1.6033,11.363685,0.92379,0.94836,0.97851,0.77909,1.0236,0.55759,1.797,0.004753,0.004753,0.004753
108,1.1125,0.76603,1.5758,11.090465,0.93174,0.9345,0.97677,0.78939,1.0192,0.56533,1.7899,0.0047035,0.0047035,0.0047035
109,1.1306,0.78712,1.6018,11.27576,0.94172,0.93154,0.98061,0.79377,1.0198,0.55228,1.7754,0.004654,0.004654,0.004654
110,1.1129,0.76469,1.579,11.097595,0.93423,0.93643,0.98166,0.78085,1.0183,0.56915,1.7834,0.0046045,0.0046045,0.0046045
111,1.1094,0.7583,1.5875,11.0809,0.92285,0.94621,0.97952,0.78722,1.0044,0.57915,1.7516,0.004555,0.004555,0.004555
112,1.1206,0.77369,1.5943,11.182795,0.91169,0.95913,0.97814,0.79644,0.99407,0.56359,1.7543,0.0045055,0.0045055,0.0045055
113,1.1187,0.77639,1.576,11.142445,0.91787,0.95635,0.98,0.79034,0.99221,0.56826,1.7345,0.004456,0.004456,0.004456
114,1.1025,0.74749,1.5796,11.011895,0.93297,0.95285,0.9809,0.78963,1.0069,0.5596,1.7434,0.0044065,0.0044065,0.0044065
115,1.0881,0.7321,1.5597,10.86635,0.93268,0.94842,0.9781,0.79226,1.0056,0.5804,1.7647,0.004357,0.004357,0.004357
116,1.1161,0.76424,1.6045,11.15962,0.93692,0.94418,0.97969,0.79703,0.97998,0.54407,1.7359,0.0043075,0.0043075,0.0043075
117,1.0989,0.7415,1.5756,10.9759,0.94136,0.93399,0.98175,0.79417,1.011,0.54502,1.7618,0.004258,0.004258,0.004258
118,1.1049,0.76976,1.5915,11.05888,0.92393,0.95022,0.97921,0.79223,0.99343,0.55459,1.7444,0.0042085,0.0042085,0.0042085
119,1.0929,0.74899,1.5745,10.932995,0.93349,0.94866,0.98106,0.79601,1.0023,0.54592,1.7543,0.004159,0.004159,0.004159
120,1.0972,0.74474,1.5749,10.96372,0.92253,0.96086,0.98135,0.80672,0.98529,0.54089,1.73,0.0041095,0.0041095,0.0041095
121,1.0916,0.73722,1.5703,10.91106,0.92013,0.96088,0.9836,0.79391,1.0055,0.54548,1.757,0.00406,0.00406,0.00406
122,1.0793,0.73747,1.5695,10.817735,0.92911,0.96088,0.98086,0.7982,0.9902,0.56111,1.7374,0.0040105,0.0040105,0.0040105
123,1.0938,0.73721,1.5788,10.940305,0.95577,0.93399,0.98326,0.80405,0.97784,0.53774,1.722,0.003961,0.003961,0.003961
124,1.0755,0.73026,1.5596,10.77078,0.94505,0.96333,0.98317,0.8008,0.98407,0.53143,1.7239,0.0039115,0.0039115,0.0039115
125,1.0788,0.72118,1.5699,10.80644,0.93091,0.95542,0.98239,0.79975,0.97191,0.53593,1.7162,0.003862,0.003862,0.003862
126,1.0703,0.7079,1.5456,10.6996,0.94684,0.93888,0.98174,0.79275,0.99585,0.54215,1.7545,0.0038125,0.0038125,0.0038125
127,1.0665,0.73967,1.5668,10.718785,0.92681,0.95974,0.98154,0.80389,0.98157,0.55124,1.7285,0.003763,0.003763,0.003763
128,1.0901,0.74371,1.5772,10.913405,0.92632,0.95599,0.9813,0.79977,0.97355,0.53763,1.7249,0.0037135,0.0037135,0.0037135
129,1.0797,0.71945,1.5506,10.783375,0.91694,0.97173,0.9845,0.79754,0.96933,0.51806,1.7223,0.003664,0.003664,0.003664
130,1.0676,0.72012,1.5481,10.68921,0.91051,0.978,0.98151,0.79628,0.97309,0.53403,1.7369,0.0036145,0.0036145,0.0036145
131,1.0661,0.72501,1.5371,10.663905,0.94171,0.93888,0.98162,0.80292,0.98673,0.54745,1.7459,0.003565,0.003565,0.003565
132,1.0634,0.72069,1.5412,10.647645,0.93758,0.95491,0.9833,0.80182,0.97608,0.53679,1.7266,0.0035155,0.0035155,0.0035155
133,1.0655,0.71429,1.5548,10.680595,0.92377,0.94806,0.98027,0.80472,0.98799,0.52929,1.7297,0.003466,0.003466,0.003466
134,1.0559,0.71529,1.5469,10.597245,0.92162,0.96577,0.98283,0.80248,1.0049,0.52138,1.7511,0.0034165,0.0034165,0.0034165
135,1.0494,0.71719,1.5637,10.574645,0.93299,0.95319,0.98249,0.80927,0.99707,0.52601,1.7424,0.003367,0.003367,0.003367
136,1.0573,0.70681,1.5408,10.594355,0.9188,0.96831,0.98243,0.80365,0.97507,0.53762,1.7385,0.0033175,0.0033175,0.0033175
137,1.0585,0.70235,1.5505,10.615675,0.91157,0.97066,0.98274,0.80439,0.97248,0.53001,1.7314,0.003268,0.003268,0.003268
138,1.0716,0.71482,1.5534,10.72451,0.94746,0.93888,0.98303,0.81079,0.95779,0.52898,1.7074,0.0032185,0.0032185,0.0032185
139,1.0316,0.6913,1.528,10.37465,0.93553,0.95801,0.98252,0.80795,0.96324,0.52591,1.7202,0.003169,0.003169,0.003169
140,1.0318,0.68772,1.5138,10.35306,0.91652,0.95355,0.98126,0.80636,0.96587,0.51294,1.7226,0.0031195,0.0031195,0.0031195
141,1.0285,0.69645,1.5241,10.348125,0.93721,0.95599,0.98159,0.80553,0.97203,0.53495,1.7232,0.00307,0.00307,0.00307
142,1.0279,0.68995,1.5164,10.328825,0.94345,0.94866,0.98116,0.8065,0.97155,0.52469,1.7268,0.0030205,0.0030205,0.0030205
143,1.04,0.69555,1.5335,10.448025,0.94416,0.94866,0.98071,0.80824,0.96424,0.5195,1.7232,0.002971,0.002971,0.002971
144,1.0382,0.68855,1.5344,10.432375,0.95318,0.94571,0.9826,0.80657,0.96199,0.51786,1.7143,0.0029215,0.0029215,0.0029215
145,1.0355,0.67588,1.5139,10.37504,0.92438,0.95844,0.98099,0.80636,0.97137,0.53427,1.7303,0.002872,0.002872,0.002872
146,1.0319,0.67335,1.5261,10.365075,0.94066,0.95355,0.98135,0.80066,0.98296,0.52685,1.7595,0.0028225,0.0028225,0.0028225
147,1.027,0.6796,1.5142,10.3136,0.94084,0.9511,0.98172,0.80102,0.9755,0.51266,1.7469,0.002773,0.002773,0.002773
148,1.0269,0.6798,1.5203,10.3221,0.92936,0.96506,0.98231,0.8057,0.98324,0.51415,1.7456,0.0027235,0.0027235,0.0027235
149,1.025,0.67924,1.5236,10.31252,0.95373,0.94132,0.98289,0.80466,0.96487,0.50826,1.7229,0.002674,0.002674,0.002674
150,1.0159,0.66785,1.5178,10.229875,0.93486,0.96333,0.98267,0.81167,0.9538,0.50561,1.7138,0.0026245,0.0026245,0.0026245
151,1.0203,0.6857,1.5249,10.28245,0.92527,0.97066,0.98246,0.81311,0.94978,0.50384,1.709,0.002575,0.002575,0.002575
152,1.0004,0.66383,1.5068,10.095115,0.94209,0.95461,0.98022,0.80918,0.95495,0.50816,1.7145,0.0025255,0.0025255,0.0025255
153,1.0202,0.66942,1.5149,10.25856,0.94692,0.95955,0.9809,0.81176,0.95933,0.51257,1.7212,0.002476,0.002476,0.002476
154,1.0151,0.67485,1.5184,10.228275,0.95066,0.9511,0.9817,0.80657,0.96528,0.52567,1.7238,0.0024265,0.0024265,0.0024265
155,1.0167,0.67341,1.5168,10.237155,0.92067,0.97066,0.98292,0.81141,0.96438,0.51284,1.7302,0.002377,0.002377,0.002377
156,1.011,0.67141,1.5151,10.190855,0.93682,0.96822,0.9833,0.81244,0.96165,0.51357,1.723,0.0023275,0.0023275,0.0023275
157,1.014,0.67279,1.5278,10.233095,0.93936,0.95844,0.98336,0.80801,0.95762,0.52165,1.7159,0.002278,0.002278,0.002278
158,0.99176,0.6562,1.5113,10.03325,0.94262,0.95355,0.98178,0.80982,0.95825,0.51561,1.7228,0.0022285,0.0022285,0.0022285
159,0.997,0.65627,1.4993,10.054585,0.93567,0.96577,0.98311,0.81154,0.94063,0.49054,1.7044,0.002179,0.002179,0.002179
160,0.99436,0.65524,1.5058,10.04402,0.94038,0.96409,0.98092,0.81262,0.94881,0.51132,1.7099,0.0021295,0.0021295,0.0021295
161,1.0044,0.67473,1.5203,10.150815,0.93591,0.95844,0.98015,0.81122,0.9546,0.51193,1.717,0.00208,0.00208,0.00208
162,0.98596,0.64344,1.4953,9.95937,0.94925,0.96033,0.98281,0.8132,0.95566,0.51609,1.7255,0.0020305,0.0020305,0.0020305
163,0.98678,0.64113,1.4952,9.964215,0.93806,0.96275,0.98259,0.81101,0.96148,0.51672,1.7312,0.001981,0.001981,0.001981
164,0.97661,0.65059,1.4922,9.88817,0.93287,0.96577,0.98101,0.80948,0.96067,0.51128,1.7288,0.0019315,0.0019315,0.0019315
165,0.99515,0.64617,1.5072,10.04751,0.92897,0.95927,0.98022,0.81331,0.95483,0.5078,1.7217,0.001882,0.001882,0.001882
166,0.98606,0.65318,1.5041,9.97819,0.93004,0.96577,0.98264,0.81279,0.95259,0.49886,1.7311,0.0018325,0.0018325,0.0018325
167,0.99087,0.63225,1.49,9.98265,0.92715,0.96463,0.98197,0.81365,0.95132,0.51013,1.7301,0.001783,0.001783,0.001783
168,0.97867,0.63725,1.4909,9.895,0.93669,0.95599,0.98229,0.81895,0.94703,0.52287,1.7167,0.0017335,0.0017335,0.0017335
169,0.9852,0.6452,1.4872,9.9424,0.93582,0.95599,0.98141,0.81659,0.94439,0.52058,1.7149,0.001684,0.001684,0.001684
170,0.98315,0.64204,1.4786,9.912545,0.93374,0.96088,0.98121,0.81332,0.94583,0.51795,1.7228,0.0016345,0.0016345,0.0016345
171,0.94972,0.62115,1.4644,9.630075,0.9401,0.95355,0.98184,0.81338,0.94789,0.51058,1.7305,0.001585,0.001585,0.001585
172,0.96586,0.63519,1.4817,9.784095,0.93518,0.95844,0.98184,0.81394,0.96659,0.51421,1.75,0.0015355,0.0015355,0.0015355
173,0.95877,0.61456,1.4648,9.695255,0.94722,0.95844,0.98257,0.81493,0.95583,0.49701,1.7389,0.001486,0.001486,0.001486
174,0.96158,0.61399,1.4801,9.738995,0.92614,0.98107,0.98383,0.81213,0.9474,0.49682,1.7283,0.0014365,0.0014365,0.0014365
175,0.98235,0.63351,1.4882,9.91668,0.91975,0.98778,0.98393,0.81817,0.94482,0.47812,1.7261,0.001387,0.001387,0.001387
176,0.97889,0.6302,1.4747,9.868825,0.93484,0.97066,0.98475,0.8141,0.94616,0.48417,1.729,0.0013375,0.0013375,0.0013375
177,0.95534,0.61276,1.4665,9.67118,0.94613,0.97555,0.98399,0.81815,0.94578,0.48505,1.7339,0.001288,0.001288,0.001288
178,0.96464,0.62792,1.4748,9.76096,0.94077,0.97091,0.98339,0.81839,0.95115,0.48087,1.7262,0.0012385,0.0012385,0.0012385
179,0.96345,0.61701,1.485,9.76188,0.94321,0.96333,0.98282,0.81782,0.953,0.48597,1.7291,0.001189,0.001189,0.001189
180,0.95088,0.61719,1.4717,9.647745,0.92811,0.98044,0.98329,0.81317,0.95091,0.48927,1.7263,0.0011395,0.0011395,0.0011395
181,0.95254,0.6151,1.4686,9.6545,0.9298,0.97311,0.98274,0.80879,0.96356,0.5019,1.7432,0.00109,0.00109,0.00109
182,0.95325,0.62394,1.4776,9.677745,0.94471,0.96078,0.98315,0.8096,0.95582,0.49508,1.7382,0.0010405,0.0010405,0.0010405
183,0.9322,0.5956,1.4554,9.4724,0.94821,0.9511,0.98309,0.81198,0.95975,0.50024,1.7398,0.000991,0.000991,0.000991
184,0.95584,0.62528,1.4753,9.69439,0.95272,0.95355,0.9833,0.81315,0.95653,0.50046,1.7371,0.0009415,0.0009415,0.0009415
185,0.93215,0.60664,1.4655,9.492695,0.94422,0.9511,0.9839,0.81536,0.96488,0.49535,1.7496,0.000892,0.000892,0.000892
186,0.94135,0.60694,1.4645,9.560345,0.93955,0.95844,0.98381,0.8168,0.96024,0.49423,1.7442,0.0008425,0.0008425,0.0008425
187,0.92987,0.59471,1.4498,9.44608,0.94493,0.96485,0.98418,0.81423,0.95382,0.49199,1.7399,0.000793,0.000793,0.000793
188,0.93636,0.5924,1.4461,9.48805,0.9472,0.95599,0.98288,0.81667,0.95464,0.49132,1.7445,0.0007435,0.0007435,0.0007435
189,0.93427,0.59547,1.4496,9.47916,0.9379,0.96017,0.98345,0.81719,0.95183,0.48104,1.7443,0.000694,0.000694,0.000694
190,0.92881,0.6041,1.4502,9.443425,0.92393,0.97992,0.98456,0.81947,0.94806,0.48782,1.74,0.0006445,0.0006445,0.0006445
191,0.9332,0.6056,1.4603,9.49225,0.93821,0.96517,0.98438,0.81752,0.94518,0.48831,1.7368,0.000595,0.000595,0.000595
192,0.94383,0.61253,1.4607,9.57604,0.94652,0.95206,0.98388,0.81669,0.94328,0.48887,1.7344,0.0005455,0.0005455,0.0005455
193,0.94125,0.59667,1.4543,9.53916,0.94613,0.95599,0.98388,0.81473,0.94427,0.4918,1.7336,0.000496,0.000496,0.000496
194,0.94892,0.60838,1.4603,9.61154,0.95111,0.95129,0.9826,0.81564,0.94627,0.49461,1.7362,0.0004465,0.0004465,0.0004465
195,0.91002,0.59348,1.4342,9.27319,0.946,0.95599,0.98318,0.81595,0.94488,0.49325,1.7328,0.000397,0.000397,0.000397
196,0.91821,0.59239,1.4384,9.34037,0.94682,0.95758,0.98387,0.8175,0.94083,0.48951,1.7279,0.0003475,0.0003475,0.0003475
197,0.92002,0.58896,1.4514,9.37173,0.94479,0.96229,0.98399,0.81897,0.93971,0.48786,1.728,0.000298,0.000298,0.000298
198,0.9121,0.58707,1.4412,9.296085,0.94791,0.96088,0.98446,0.81855,0.94189,0.48753,1.7285,0.0002485,0.0002485,0.0002485
199,0.90713,0.57804,1.4329,9.241845,0.9496,0.96747,0.9845,0.81937,0.94451,0.48653,1.7301,0.000199,0.000199,0.000199
