epoch,time,train/box_loss,train/cls_loss,train/dfl_loss,loss,metrics/precision(B),metrics/recall(B),metrics/mAP50(B),metrics/mAP50-95(B),val/box_loss,val/cls_loss,val/dfl_loss,lr/pg0,lr/pg1,lr/pg2
1,16.0237,3.28142,3.98512,4.12347,32.788415,0.00175,0.37653,0.00143,0.00053,2.82915,3.86792,3.89191,0.0704054,0.00328829,0.00328829
2,26.6429,3.05996,3.58897,3.68451,30.27095,0.08922,0.08802,0.03286,0.00787,2.59723,3.43386,3.49061,0.0403726,0.00658884,0.00658884
3,37.6192,2.79506,3.25502,3.28828,27.52288,0.08465,0.22157,0.0519,0.01355,2.69651,3.98678,3.84486,0.0103069,0.0098564,0.0098564
4,48.087,2.45169,2.86046,2.91659,24.19279,0.12234,0.18582,0.06669,0.02015,2.58749,11.2363,3.59343,0.0098515,0.0098515,0.0098515
5,58.3547,2.11071,2.43165,2.61323,20.965995,0.31426,0.3912,0.29297,0.11934,1.91523,4.63113,2.57449,0.009802,0.009802,0.009802
6,68.7629,1.89288,2.08927,2.36914,18.794945,0.46849,0.52567,0.47598,0.21752,1.72462,4.51586,2.43647,0.0097525,0.0097525,0.0097525
7,79.3673,1.71825,1.82308,2.19928,17.097335,0.61013,0.61369,0.6321,0.33313,1.54265,1.60899,2.15382,0.009703,0.009703,0.009703
8,90.0754,1.59697,1.65365,2.07876,15.92224,0.56179,0.61369,0.61405,0.33656,1.50938,2.43143,2.13235,0.0096535,0.0096535,0.0096535
9,100.48,1.53534,1.53004,2.00196,15.28301,0.78481,0.71336,0.80734,0.48621,1.40558,1.30233,2.02882,0.009604,0.009604,0.009604
10,110.692,1.46925,1.43113,1.93837,14.642495,0.81264,0.71053,0.83091,0.51938,1.30957,1.32495,1.9153,0.0095545,0.0095545,0.0095545
11,121.423,1.4303,1.35757,1.88537,14.23409,0.77636,0.77751,0.85275,0.53761,1.24209,1.28484,1.83402,0.009505,0.009505,0.009505
12,131.783,1.37371,1.27551,1.83182,13.68831,0.76275,0.79462,0.83743,0.56053,1.22144,1.09974,1.8164,0.0094555,0.0094555,0.0094555
13,141.877,1.3227,1.21927,1.77235,13.18841,0.82592,0.80196,0.87846,0.57174,1.213,1.11821,1.78587,0.009406,0.009406,0.009406
14,152.114,1.30852,1.19058,1.7768,13.07439,0.84039,0.77017,0.87938,0.59426,1.15372,1.07899,1.72166,0.0093565,0.0093565,0.0093565
15,162.558,1.29342,1.13918,1.7535,12.90049,0.82981,0.82258,0.88779,0.56685,1.25157,1.02775,1.81422,0.009307,0.009307,0.009307
16,172.746,1.2619,1.11486,1.70671,12.581745,0.86293,0.85575,0.92021,0.634,1.13784,0.8895,1.68068,0.0092575,0.0092575,0.0092575
17,183.051,1.24427,1.07815,1.68575,12.399725,0.85355,0.86308,0.91712,0.63673,1.09919,0.8537,1.64519,0.009208,0.009208,0.009208
18,193.311,1.22599,1.04807,1.66298,12.21343,0.83649,0.86308,0.91766,0.63764,1.10112,0.8505,1.65168,0.0091585,0.0091585,0.0091585
19,203.681,1.21504,1.04438,1.65279,12.114175,0.83462,0.85086,0.90914,0.62431,1.10923,0.92244,1.65416,0.009109,0.009109,0.009109
20,213.761,1.19767,0.98875,1.62729,11.917835,0.86003,0.9014,0.93368,0.64419,1.08317,0.88224,1.59332,0.0090595,0.0090595,0.0090595
21,223.983,1.19176,0.97294,1.61399,11.845655,0.82271,0.8313,0.9004,0.62599,1.09091,0.89631,1.61547,0.00901,0.00901,0.00901
22,234.311,1.17563,0.96751,1.60106,11.70257,0.86332,0.88753,0.94365,0.6713,1.05294,0.75271,1.56449,0.0089605,0.0089605,0.0089605
23,244.616,1.15792,0.94798,1.59467,11.550395,0.87556,0.87738,0.93198,0.66254,1.06362,0.77349,1.58622,0.008911,0.008911,0.008911
24,254.585,1.13443,0.90203,1.55757,11.295595,0.88999,0.90954,0.95468,0.69807,1.01001,0.7294,1.52434,0.0088615,0.0088615,0.0088615
25,265.148,1.14201,0.90449,1.561,11.35882,0.89013,0.89137,0.94649,0.69423,0.97915,0.76477,1.49442,0.008812,0.008812,0.008812
26,275.028,1.12671,0.89524,1.54517,11.2157,0.87772,0.91263,0.95424,0.70139,1.00071,0.73048,1.49536,0.0087625,0.0087625,0.0087625
27,285.186,1.11675,0.90038,1.5402,11.136115,0.88761,0.88264,0.94671,0.68458,1.01555,0.71808,1.50699,0.008713,0.008713,0.008713
28,295.673,1.08909,0.86288,1.50248,10.853335,0.86623,0.90246,0.9484,0.69894,0.94675,0.76159,1.46017,0.0086635,0.0086635,0.0086635
29,305.753,1.10015,0.86718,1.51367,10.95522,0.89791,0.90465,0.94687,0.68805,1.00817,0.71299,1.52508,0.008614,0.008614,0.008614
30,316.026,1.07006,0.83635,1.49976,10.693265,0.88587,0.91932,0.95875,0.71352,0.94496,0.65435,1.4543,0.0085645,0.0085645,0.0085645
31,326.28,1.07818,0.84666,1.51229,10.778115,0.89439,0.89039,0.95113,0.69626,0.98489,0.65878,1.50523,0.008515,0.008515,0.008515
32,336.593,1.07726,0.83941,1.48559,10.72754,0.89313,0.9022,0.95288,0.71066,0.96253,0.65917,1.48982,0.0084655,0.0084655,0.0084655
33,346.669,1.06713,0.83362,1.48726,10.651175,0.87878,0.93643,0.95748,0.71925,0.94229,0.63941,1.44567,0.008416,0.008416,0.008416
34,356.953,1.05392,0.82196,1.4825,10.53913,0.90407,0.89242,0.95698,0.71689,0.9455,0.66823,1.45868,0.0083665,0.0083665,0.0083665
35,367.074,1.05502,0.81519,1.4794,10.539345,0.87095,0.92421,0.95463,0.71008,0.97277,0.6589,1.47062,0.008317,0.008317,0.008317
36,377.206,1.03583,0.79201,1.45561,10.348145,0.90566,0.93399,0.96059,0.71593,0.95184,0.64191,1.46909,0.0082675,0.0082675,0.0082675
37,387.358,1.04093,0.79888,1.45922,10.395245,0.87935,0.9291,0.95971,0.71604,0.9299,0.64176,1.44822,0.008218,0.008218,0.008218
38,397.367,1.03026,0.78006,1.45342,10.29711,0.92441,0.89704,0.96453,0.72668,0.92552,0.61735,1.44005,0.0081685,0.0081685,0.0081685
39,407.894,1.02684,0.78218,1.44877,10.265545,0.91027,0.91768,0.95893,0.72274,0.92263,0.61905,1.43688,0.008119,0.008119,0.008119
40,418.302,1.00591,0.75236,1.43778,10.077175,0.8813,0.91932,0.94742,0.70979,0.92639,0.648,1.45357,0.0080695,0.0080695,0.0080695
41,428.417,1.02218,0.76747,1.44802,10.222115,0.88363,0.91443,0.94474,0.70734,0.94338,0.63484,1.42785,0.00802,0.00802,0.00802
42,438.792,1.00634,0.75443,1.43331,10.07473,0.87454,0.94377,0.96439,0.73353,0.90047,0.58206,1.39818,0.0079705,0.0079705,0.0079705
43,454.851,1.02123,0.75419,1.43805,10.193395,0.87431,0.93399,0.96431,0.73366,0.91529,0.6162,1.38681,0.007921,0.007921,0.007921
44,464.319,0.98068,0.72995,1.40692,9.830455,0.89747,0.92028,0.9655,0.73831,0.90626,0.58087,1.41554,0.0078715,0.0078715,0.0078715
45,473.708,0.99684,0.7392,1.41324,9.96576,0.91431,0.93916,0.96842,0.74143,0.91626,0.57288,1.38524,0.007822,0.007822,0.007822
46,483.124,0.9863,0.71767,1.40087,9.85739,0.93918,0.89242,0.96985,0.74114,0.91166,0.58367,1.40448,0.0077725,0.0077725,0.0077725
47,492.389,0.97425,0.72228,1.38982,9.752745,0.93182,0.90218,0.96678,0.74585,0.87343,0.57331,1.36534,0.007723,0.007723,0.007723
48,501.753,0.98313,0.72455,1.40137,9.837805,0.92137,0.9454,0.9696,0.74172,0.91639,0.56935,1.40578,0.0076735,0.0076735,0.0076735
49,510.966,0.98278,0.70778,1.39655,9.819565,0.91126,0.92902,0.96621,0.73533,0.90782,0.57603,1.40609,0.007624,0.007624,0.007624
50,520.222,0.97092,0.71258,1.38386,9.71398,0.8879,0.94896,0.96855,0.74525,0.88755,0.55757,1.3836,0.0075745,0.0075745,0.0075745
51,529.416,0.96545,0.70806,1.38577,9.67356,0.91084,0.93643,0.96658,0.74489,0.873,0.56904,1.36077,0.007525,0.007525,0.007525
52,538.655,0.95899,0.69729,1.38363,9.616515,0.91032,0.94621,0.97165,0.74802,0.89417,0.54999,1.38266,0.0074755,0.0074755,0.0074755
53,548.047,0.96919,0.69022,1.38979,9.69872,0.91735,0.92267,0.96736,0.73973,0.9039,0.573,1.38961,0.007426,0.007426,0.007426
54,557.281,0.95097,0.69627,1.36842,9.53304,0.89489,0.93672,0.9688,0.74443,0.91208,0.58028,1.37909,0.0073765,0.0073765,0.0073765
55,566.679,0.94742,0.69853,1.36629,9.50435,0.90527,0.95844,0.97667,0.74175,0.91007,0.55421,1.38879,0.007327,0.007327,0.007327
56,576.003,0.95616,0.69838,1.37335,9.580415,0.91019,0.94163,0.97299,0.75356,0.88373,0.54855,1.37089,0.0072775,0.0072775,0.0072775
57,585.325,0.95207,0.67823,1.36483,9.526885,0.93827,0.89183,0.96788,0.75093,0.8882,0.53861,1.37349,0.007228,0.007228,0.007228
58,594.804,0.93775,0.67107,1.34512,9.38634,0.91869,0.93923,0.96636,0.74089,0.8904,0.54787,1.37854,0.0071785,0.0071785,0.0071785
59,604.152,0.9277,0.66698,1.34698,9.31171,0.92698,0.95844,0.97926,0.75493,0.87938,0.52126,1.36176,0.007129,0.007129,0.007129
60,613.492,0.93086,0.66403,1.34817,9.33572,0.93233,0.91198,0.97118,0.75003,0.88925,0.54023,1.37232,0.0070795,0.0070795,0.0070795
61,622.828,0.92476,0.64609,1.33446,9.260435,0.92449,0.92796,0.9727,0.76544,0.85256,0.52991,1.34872,0.00703,0.00703,0.00703
62,632.289,0.92981,0.65902,1.34555,9.32141,0.90744,0.95883,0.97411,0.75724,0.88253,0.5323,1.3593,0.0069805,0.0069805,0.0069805
63,641.577,0.92947,0.66911,1.35315,9.335305,0.9167,0.93399,0.97254,0.75182,0.87282,0.53712,1.3605,0.006931,0.006931,0.006931
64,650.82,0.93265,0.66599,1.34881,9.351085,0.92587,0.94866,0.9751,0.75239,0.88183,0.53493,1.35121,0.0068815,0.0068815,0.0068815
65,659.958,0.9249,0.65471,1.33942,9.273235,0.89665,0.93333,0.96813,0.77029,0.84054,0.55109,1.32144,0.006832,0.006832,0.006832
66,669.196,0.91812,0.64473,1.32339,9.19335,0.91977,0.92665,0.96888,0.76342,0.85612,0.51351,1.32779,0.0067825,0.0067825,0.0067825
67,682.977,0.90123,0.64003,1.32643,9.068885,0.92089,0.93928,0.97848,0.7553,0.86993,0.50409,1.34335,0.006733,0.006733,0.006733
68,692.31,0.90873,0.64077,1.32635,9.125385,0.89413,0.94984,0.96945,0.75543,0.86532,0.52834,1.32848,0.0066835,0.0066835,0.0066835
69,701.584,0.90292,0.65012,1.33483,9.099205,0.89589,0.96786,0.97431,0.76459,0.86184,0.51445,1.35394,0.006634,0.006634,0.006634
70,710.833,0.90583,0.6437,1.32996,9.110515,0.91269,0.93643,0.97206,0.76681,0.85243,0.52035,1.32408,0.0065845,0.0065845,0.0065845
71,720.121,0.90184,0.63398,1.3164,9.05539,0.91042,0.9442,0.97333,0.75798,0.88339,0.52765,1.35549,0.006535,0.006535,0.006535
72,729.387,0.88713,0.62572,1.30845,8.92901,0.93151,0.93104,0.96483,0.75276,0.86942,0.51649,1.36183,0.0064855,0.0064855,0.0064855
73,738.708,0.8775,0.62186,1.30049,8.842915,0.91108,0.93399,0.97163,0.76531,0.84965,0.52654,1.33278,0.006436,0.006436,0.006436
74,748.172,0.87933,0.61911,1.30507,8.862135,0.92412,0.95284,0.97475,0.76453,0.88324,0.51709,1.35638,0.0063865,0.0063865,0.0063865
75,757.419,0.88621,0.60867,1.30733,8.911905,0.91265,0.95599,0.97481,0.77579,0.83929,0.51069,1.30822,0.006337,0.006337,0.006337
76,766.788,0.87781,0.6162,1.31059,8.85756,0.91908,0.93888,0.97303,0.76783,0.8413,0.50269,1.3302,0.0062875,0.0062875,0.0062875
77,776.053,0.88274,0.6106,1.29996,8.87579,0.92123,0.94368,0.9705,0.76907,0.8325,0.51358,1.3205,0.006238,0.006238,0.006238
78,785.332,0.87344,0.60956,1.29659,8.800465,0.90533,0.95862,0.97623,0.77979,0.84441,0.49264,1.31888,0.0061885,0.0061885,0.0061885
79,794.784,0.87977,0.61437,1.30085,8.856735,0.92625,0.95189,0.9716,0.75993,0.87462,0.5092,1.3369,0.006139,0.006139,0.006139
80,804.1,0.88633,0.61552,1.304,8.911235,0.89716,0.95987,0.9708,0.7715,0.83057,0.51325,1.31277,0.0060895,0.0060895,0.0060895
81,813.308,0.86843,0.59873,1.29262,8.75152,0.92261,0.94866,0.97747,0.78024,0.84751,0.50016,1.31138,0.00604,0.00604,0.00604
82,822.669,0.87174,0.5997,1.28523,8.765745,0.91259,0.94132,0.97506,0.77309,0.83787,0.49923,1.31458,0.0059905,0.0059905,0.0059905
83,831.901,0.84629,0.59487,1.2731,8.55426,0.94181,0.94968,0.9815,0.77293,0.83807,0.4865,1.30276,0.005941,0.005941,0.005941
84,841.201,0.85898,0.58947,1.26952,8.641365,0.9306,0.95083,0.97953,0.77791,0.84539,0.49052,1.30817,0.0058915,0.0058915,0.0058915
85,850.496,0.85545,0.58027,1.27138,8.61308,0.91524,0.96577,0.98074,0.77574,0.86115,0.48144,1.32223,0.005842,0.005842,0.005842
86,859.831,0.8549,0.58881,1.27769,8.62269,0.92276,0.94132,0.97753,0.77636,0.85011,0.48728,1.31803,0.0057925,0.0057925,0.0057925
87,869.048,0.84301,0.58546,1.25392,8.496185,0.9087,0.9511,0.97431,0.77251,0.85294,0.50711,1.31357,0.005743,0.005743,0.005743
88,878.257,0.85988,0.57517,1.27978,8.656355,0.9363,0.93439,0.9764,0.76998,0.85663,0.49623,1.33342,0.0056935,0.0056935,0.0056935
89,887.495,0.85053,0.58375,1.26133,8.562845,0.93002,0.94377,0.97716,0.77931,0.84608,0.48565,1.30399,0.005644,0.005644,0.005644
90,896.786,0.84567,0.57361,1.25982,8.51906,0.93421,0.93738,0.97613,0.77709,0.86008,0.48591,1.31431,0.0055945,0.0055945,0.0055945
91,906.101,0.84385,0.57739,1.26055,8.508395,0.91774,0.95467,0.97742,0.7725,0.84596,0.48557,1.30074,0.005545,0.005545,0.005545
92,915.379,0.84696,0.58151,1.26039,8.53354,0.91839,0.96307,0.97497,0.77732,0.82835,0.47208,1.29757,0.0054955,0.0054955,0.0054955
93,924.588,0.84938,0.57595,1.26626,8.557715,0.9144,0.96634,0.97596,0.77663,0.82974,0.47758,1.28809,0.005446,0.005446,0.005446
94,933.919,0.83566,0.57128,1.25323,8.432935,0.92728,0.93533,0.9755,0.76537,0.85448,0.49154,1.30557,0.0053965,0.0053965,0.0053965
95,943.18,0.83708,0.56431,1.24855,8.43308,0.92992,0.94866,0.97828,0.7806,0.84113,0.46998,1.30375,0.005347,0.005347,0.005347
96,952.692,0.83695,0.57341,1.26015,8.454055,0.92531,0.93893,0.97773,0.77752,0.82601,0.47959,1.29437,0.0052975,0.0052975,0.0052975
97,962.068,0.83548,0.56126,1.25667,8.431735,0.93456,0.94284,0.97743,0.77957,0.84183,0.47466,1.31695,0.005248,0.005248,0.005248
98,971.294,0.82244,0.55921,1.24095,8.30933,0.8949,0.98289,0.97613,0.77693,0.83887,0.4706,1.32456,0.0051985,0.0051985,0.0051985
99,980.549,0.82721,0.56256,1.25107,8.36196,0.92154,0.96333,0.97503,0.7736,0.82249,0.48049,1.30189,0.005149,0.005149,0.005149
100,989.921,0.81295,0.54664,1.23431,8.22191,0.91904,0.97066,0.97962,0.77947,0.84369,0.47094,1.30584,0.0050995,0.0050995,0.0050995
101,999.321,0.82642,0.56272,1.25357,8.359865,0.91047,0.94621,0.97034,0.76844,0.838,0.48614,1.30495,0.00505,0.00505,0.00505
102,1008.88,0.81323,0.55581,1.23697,8.232585,0.91425,0.96577,0.97687,0.78355,0.84084,0.45807,1.30889,0.0050005,0.0050005,0.0050005
103,1018.44,0.81906,0.54663,1.24145,8.27844,0.90846,0.96333,0.97789,0.77734,0.82707,0.4588,1.29526,0.004951,0.004951,0.004951
104,1027.96,0.80999,0.53821,1.23273,8.193125,0.90736,0.97311,0.97319,0.77301,0.83682,0.46895,1.29776,0.0049015,0.0049015,0.0049015
105,1037.56,0.81025,0.55072,1.2317,8.199785,0.92356,0.95844,0.97744,0.78412,0.82838,0.4569,1.30197,0.004852,0.004852,0.004852
106,1047.22,0.80692,0.54817,1.23731,8.18195,0.93197,0.94621,0.9759,0.77917,0.83643,0.47138,1.30478,0.0048025,0.0048025,0.0048025
107,1056.89,0.80475,0.53937,1.23177,8.152965,0.91321,0.95187,0.97259,0.78084,0.83959,0.46904,1.30764,0.004753,0.004753,0.004753
108,1066.47,0.80045,0.54797,1.22949,8.121595,0.92755,0.9511,0.97835,0.77891,0.85104,0.46477,1.31756,0.0047035,0.0047035,0.0047035
109,1076.15,0.79785,0.53437,1.21939,8.080145,0.92755,0.93909,0.97801,0.78688,0.83879,0.45213,1.30126,0.004654,0.004654,0.004654
110,1085.88,0.79462,0.53426,1.21325,8.046655,0.93521,0.95844,0.97613,0.78793,0.83226,0.45079,1.29926,0.0046045,0.0046045,0.0046045
111,1095.53,0.79321,0.53592,1.21861,8.04495,0.94367,0.94201,0.97661,0.78289,0.82358,0.45772,1.28437,0.004555,0.004555,0.004555
112,1104.97,0.79642,0.5323,1.21963,8.068745,0.93245,0.95355,0.97738,0.78679,0.82148,0.45353,1.29783,0.0045055,0.0045055,0.0045055
113,1114.57,0.78925,0.52407,1.22108,8.01303,0.92351,0.95355,0.97657,0.78977,0.81483,0.46541,1.28876,0.004456,0.004456,0.004456
114,1124.23,0.80059,0.52897,1.23513,8.121605,0.91641,0.96494,0.98112,0.79029,0.81298,0.45425,1.2876,0.0044065,0.0044065,0.0044065
115,1133.92,0.78568,0.5255,1.21347,7.975555,0.93839,0.94132,0.9772,0.78892,0.82811,0.44514,1.28693,0.004357,0.004357,0.004357
116,1143.93,0.78315,0.51106,1.20437,7.93571,0.92539,0.97066,0.97492,0.786,0.8138,0.44572,1.27379,0.0043075,0.0043075,0.0043075
117,1153.37,0.78383,0.5188,1.20892,7.951505,0.92248,0.95355,0.97752,0.7828,0.82657,0.46184,1.28946,0.004258,0.004258,0.004258
118,1162.9,0.7793,0.51636,1.20238,7.9065,0.9245,0.95801,0.97657,0.79136,0.81436,0.44462,1.28437,0.0042085,0.0042085,0.0042085
119,1172.59,0.78095,0.51453,1.20413,7.920585,0.9248,0.96225,0.97519,0.7881,0.81009,0.44754,1.2865,0.004159,0.004159,0.004159
120,1182.23,0.77765,0.51967,1.21112,7.90889,0.92628,0.95242,0.97524,0.78807,0.82632,0.44508,1.30649,0.0041095,0.0041095,0.0041095
121,1191.9,0.78899,0.51586,1.20818,7.987625,0.95316,0.94537,0.97745,0.79203,0.80413,0.44664,1.2708,0.00406,0.00406,0.00406
122,1201.55,0.77731,0.50914,1.19805,7.88147,0.92333,0.97164,0.97958,0.79371,0.81408,0.45102,1.28295,0.0040105,0.0040105,0.0040105
123,1211.22,0.77949,0.512,1.20531,7.91014,0.93455,0.94254,0.97227,0.78533,0.81398,0.46976,1.26831,0.003961,0.003961,0.003961
124,1220.98,0.78052,0.51016,1.20373,7.914575,0.92655,0.95618,0.97584,0.79119,0.82496,0.45533,1.28605,0.0039115,0.0039115,0.0039115
125,1230.63,0.76183,0.50974,1.1962,7.762895,0.92893,0.95869,0.97512,0.78362,0.82789,0.45785,1.29855,0.003862,0.003862,0.003862
126,1240.33,0.7708,0.49762,1.20026,7.8302,0.94767,0.93888,0.97735,0.79484,0.8068,0.43365,1.27283,0.0038125,0.0038125,0.0038125
127,1250.05,0.76254,0.50981,1.18916,7.757695,0.93999,0.93888,0.97515,0.79239,0.79921,0.44185,1.26113,0.003763,0.003763,0.003763
128,1259.71,0.75384,0.49738,1.18034,7.673,0.92565,0.95844,0.98049,0.79168,0.80685,0.44416,1.27041,0.0037135,0.0037135,0.0037135
129,1269.33,0.75594,0.4946,1.18371,7.692415,0.89711,0.98062,0.97214,0.78791,0.80231,0.45241,1.26744,0.003664,0.003664,0.003664
130,1279,0.74621,0.49528,1.1837,7.619765,0.9077,0.96173,0.97706,0.79617,0.80483,0.45519,1.27273,0.0036145,0.0036145,0.0036145
131,1288.63,0.75246,0.48577,1.18242,7.659965,0.92365,0.97604,0.98106,0.79586,0.80652,0.43687,1.28013,0.003565,0.003565,0.003565
132,1298.15,0.7539,0.48598,1.18203,7.670285,0.93277,0.9511,0.97661,0.7946,0.81081,0.4461,1.28127,0.0035155,0.0035155,0.0035155
133,1307.96,0.75241,0.49318,1.18704,7.670225,0.93724,0.94931,0.97667,0.79215,0.8078,0.44478,1.28753,0.003466,0.003466,0.003466
134,1317.76,0.74523,0.48917,1.18329,7.608745,0.92886,0.95765,0.97538,0.79339,0.79613,0.44146,1.27232,0.0034165,0.0034165,0.0034165
135,1327.6,0.75335,0.48688,1.18887,7.67687,0.92528,0.97066,0.97535,0.79142,0.80646,0.44297,1.28429,0.003367,0.003367,0.003367
136,1337.25,0.74841,0.48558,1.18277,7.63002,0.92762,0.97311,0.98162,0.79983,0.80146,0.44198,1.27289,0.0033175,0.0033175,0.0033175
137,1346.83,0.74324,0.48393,1.18345,7.59144,0.90561,0.98044,0.97932,0.79306,0.80894,0.442,1.27736,0.003268,0.003268,0.003268
138,1356.24,0.74414,0.49154,1.18589,7.605655,0.91745,0.96822,0.97495,0.7913,0.80955,0.44102,1.29685,0.0032185,0.0032185,0.0032185
139,1365.98,0.74108,0.48008,1.17959,7.567525,0.93269,0.9487,0.97667,0.79547,0.80245,0.44103,1.2954,0.003169,0.003169,0.003169
140,1375.73,0.73093,0.47861,1.17481,7.483495,0.91993,0.96822,0.97486,0.78448,0.82135,0.4426,1.30142,0.0031195,0.0031195,0.0031195
141,1385.41,0.72991,0.46179,1.16546,7.45341,0.92717,0.96498,0.9751,0.78925,0.81027,0.44309,1.28936,0.00307,0.00307,0.00307
142,1395.04,0.7352,0.46869,1.17054,7.504155,0.91913,0.97262,0.97442,0.79651,0.79774,0.46057,1.27301,0.0030205,0.0030205,0.0030205
143,1404.61,0.73193,0.47402,1.17308,7.486105,0.91284,0.97306,0.97272,0.79363,0.79831,0.45091,1.27394,0.002971,0.002971,0.002971
144,1414.22,0.73143,0.46958,1.16463,7.46746,0.91281,0.9727,0.97721,0.80125,0.80156,0.43518,1.27454,0.0029215,0.0029215,0.0029215
145,1424.01,0.73412,0.47145,1.16644,7.491285,0.92022,0.95883,0.97746,0.79839,0.80842,0.44356,1.2873,0.002872,0.002872,0.002872
146,1433.64,0.72853,0.46433,1.16596,7.44508,0.94109,0.94377,0.9782,0.79478,0.81073,0.43166,1.29037,0.0028225,0.0028225,0.0028225
147,1443.26,0.72642,0.46702,1.16336,7.4267,0.93098,0.95633,0.97889,0.79634,0.82052,0.43351,1.29673,0.002773,0.002773,0.002773
148,1452.87,0.71767,0.46681,1.15817,7.353185,0.92706,0.96334,0.97875,0.80237,0.80538,0.42897,1.27311,0.0027235,0.0027235,0.0027235
149,1462.61,0.71973,0.46886,1.15574,7.366015,0.92011,0.95748,0.98027,0.79919,0.80697,0.43617,1.27957,0.002674,0.002674,0.002674
150,1472.12,0.70889,0.45742,1.14784,7.267145,0.93952,0.94959,0.9753,0.79956,0.80428,0.43151,1.27504,0.0026245,0.0026245,0.0026245
151,1481.79,0.71249,0.45903,1.15288,7.30251,0.94011,0.95946,0.975,0.79531,0.80654,0.44017,1.27806,0.002575,0.002575,0.002575
152,1491.62,0.72184,0.46105,1.15847,7.38203,0.9287,0.96577,0.9778,0.7998,0.80621,0.436,1.27274,0.0025255,0.0025255,0.0025255
153,1501.14,0.70869,0.45393,1.148,7.26414,0.93641,0.96088,0.97641,0.80129,0.79789,0.43367,1.26115,0.002476,0.002476,0.002476
154,1510.65,0.71198,0.45676,1.15132,7.29521,0.94036,0.96382,0.97444,0.79102,0.80732,0.43752,1.27555,0.0024265,0.0024265,0.0024265
155,1520.19,0.71853,0.46201,1.15711,7.355645,0.93176,0.96819,0.97574,0.79928,0.80588,0.42849,1.26444,0.002377,0.002377,0.002377
156,1529.84,0.70436,0.44931,1.14016,7.217595,0.93818,0.96477,0.97647,0.80048,0.8061,0.42625,1.26421,0.0023275,0.0023275,0.0023275
157,1539.44,0.70823,0.45803,1.1459,7.25959,0.92237,0.96822,0.9776,0.8026,0.7967,0.42073,1.26237,0.002278,0.002278,0.002278
158,1549.17,0.70665,0.4493,1.14901,7.24804,0.93559,0.95844,0.97525,0.79479,0.80739,0.42453,1.28654,0.0022285,0.0022285,0.0022285
159,1558.76,0.70139,0.44236,1.13865,7.18958,0.91929,0.97465,0.97406,0.79473,0.80959,0.43651,1.28472,0.002179,0.002179,0.002179
160,1568.64,0.71022,0.45913,1.14866,7.279205,0.93874,0.95599,0.97662,0.80254,0.80966,0.43401,1.27035,0.0021295,0.0021295,0.0021295
161,1578.52,0.70004,0.44694,1.13805,7.180845,0.93595,0.97066,0.9785,0.7982,0.80512,0.42613,1.28076,0.00208,0.00208,0.00208
162,1588.27,0.69964,0.45403,1.14597,7.19327,0.92884,0.96577,0.9767,0.799,0.8151,0.43453,1.28682,0.0020305,0.0020305,0.0020305
163,1597.83,0.69697,0.44832,1.13884,7.159695,0.93683,0.95355,0.97808,0.80067,0.81014,0.43253,1.27735,0.001981,0.001981,0.001981
164,1607.35,0.69594,0.45133,1.14009,7.15535,0.93335,0.96088,0.97784,0.80347,0.79873,0.42834,1.27736,0.0019315,0.0019315,0.0019315
165,1617.11,0.70107,0.4502,1.14308,7.197745,0.9277,0.97555,0.97853,0.80751,0.79457,0.43127,1.27067,0.001882,0.001882,0.001882
166,1627.04,0.68685,0.43388,1.12442,7.054945,0.92723,0.96578,0.9777,0.80658,0.80146,0.42397,1.2819,0.0018325,0.0018325,0.0018325
167,1636.73,0.6895,0.4403,1.12558,7.07977,0.939,0.95844,0.97588,0.80201,0.79428,0.42549,1.26698,0.001783,0.001783,0.001783
168,1646.24,0.69272,0.44917,1.13451,7.12175,0.92566,0.97416,0.97745,0.80635,0.79526,0.42067,1.26834,0.0017335,0.0017335,0.0017335
169,1655.63,0.69416,0.44156,1.13184,7.12474,0.93198,0.97149,0.97786,0.80527,0.80409,0.4211,1.27781,0.001684,0.001684,0.001684
170,1665.16,0.67916,0.43456,1.12467,6.997985,0.92771,0.97262,0.97848,0.80579,0.79642,0.41333,1.27085,0.0016345,0.0016345,0.0016345
171,1674.68,0.68924,0.43948,1.13437,7.090595,0.93405,0.96577,0.97737,0.80408,0.7971,0.42857,1.269,0.001585,0.001585,0.001585
172,1684.53,0.69081,0.43976,1.13813,7.10815,0.93322,0.96577,0.97438,0.8059,0.7933,0.43386,1.26634,0.0015355,0.0015355,0.0015355
173,1694.21,0.67662,0.42761,1.12282,6.972685,0.94302,0.96088,0.97167,0.80181,0.79598,0.41684,1.27312,0.001486,0.001486,0.001486
174,1703.74,0.67134,0.42912,1.12291,6.933975,0.92199,0.98249,0.975,0.80081,0.78887,0.41663,1.26624,0.0014365,0.0014365,0.0014365
175,1713.36,0.66578,0.42711,1.11575,6.88053,0.93137,0.96225,0.97503,0.80035,0.7902,0.42534,1.26856,0.001387,0.001387,0.001387
176,1722.83,0.66445,0.42121,1.11512,6.86666,0.92175,0.97927,0.97659,0.80646,0.78796,0.41813,1.27451,0.0013375,0.0013375,0.0013375
177,1732.33,0.66667,0.42074,1.11427,6.8818,0.93608,0.96088,0.97668,0.80284,0.79394,0.4216,1.27684,0.001288,0.001288,0.001288
178,1741.96,0.67206,0.41519,1.11131,6.91501,0.92642,0.96577,0.97677,0.80446,0.79457,0.42588,1.27142,0.0012385,0.0012385,0.0012385
179,1751.49,0.67744,0.42645,1.11945,6.9732,0.921,0.96914,0.97931,0.80548,0.80083,0.42839,1.27198,0.001189,0.001189,0.001189
180,1760.96,0.65876,0.42105,1.10927,6.81513,0.93517,0.95233,0.97682,0.80014,0.79618,0.43233,1.267,0.0011395,0.0011395,0.0011395
181,1770.72,0.67231,0.42149,1.11686,6.92836,0.91645,0.97555,0.97451,0.80059,0.79715,0.43678,1.26946,0.00109,0.00109,0.00109
182,1780.3,0.66476,0.41639,1.10639,6.85348,0.9292,0.97066,0.97645,0.80017,0.79174,0.4362,1.27053,0.0010405,0.0010405,0.0010405
183,1789.85,0.65881,0.415,1.10966,6.813065,0.9325,0.96577,0.97867,0.80179,0.79876,0.43517,1.27381,0.000991,0.000991,0.000991
184,1799.23,0.66104,0.41572,1.11583,6.839405,0.93812,0.96088,0.97809,0.80386,0.7944,0.42995,1.26824,0.0009415,0.0009415,0.0009415
185,1808.76,0.66131,0.41413,1.11296,6.83633,0.93822,0.96539,0.97706,0.80624,0.79246,0.42331,1.26588,0.000892,0.000892,0.000892
186,1818.3,0.6554,0.41619,1.11005,6.78867,0.93782,0.96577,0.97667,0.80786,0.79315,0.4184,1.27517,0.0008425,0.0008425,0.0008425
187,1827.99,0.65645,0.41064,1.10898,6.792165,0.9305,0.96822,0.97645,0.80393,0.79532,0.4223,1.27751,0.000793,0.000793,0.000793
188,1837.5,0.65573,0.40834,1.10642,6.781775,0.92967,0.96577,0.97577,0.8034,0.79883,0.43204,1.2748,0.0007435,0.0007435,0.0007435
189,1847.05,0.64942,0.41201,1.10585,6.73543,0.93157,0.96533,0.97633,0.80493,0.80083,0.43053,1.28157,0.000694,0.000694,0.000694
190,1856.43,0.6521,0.4114,1.11018,6.76172,0.92734,0.9674,0.97554,0.8019,0.80116,0.43311,1.27936,0.0006445,0.0006445,0.0006445
191,1865.96,0.63764,0.40466,1.09223,6.622975,0.94018,0.96088,0.97599,0.80332,0.79907,0.42823,1.2756,0.000595,0.000595,0.000595
192,1875.48,0.64618,0.39942,1.10278,6.70023,0.93297,0.96333,0.97742,0.80498,0.79672,0.42686,1.27453,0.0005455,0.0005455,0.0005455
193,1885.09,0.63478,0.40006,1.09429,6.602315,0.93553,0.95599,0.97598,0.80117,0.79796,0.42875,1.27503,0.000496,0.000496,0.000496
194,1894.73,0.63396,0.40286,1.0917,6.59368,0.9293,0.96409,0.97639,0.80396,0.79732,0.42916,1.27567,0.0004465,0.0004465,0.0004465
195,1904.2,0.64094,0.39784,1.1005,6.65672,0.92983,0.96822,0.97722,0.80518,0.79793,0.43199,1.2694,0.000397,0.000397,0.000397
196,1913.69,0.64369,0.40433,1.104,6.68584,0.92732,0.97066,0.97679,0.80282,0.80149,0.43067,1.27276,0.0003475,0.0003475,0.0003475
197,1923.19,0.64285,0.40604,1.09924,6.673255,0.9279,0.96822,0.97511,0.80043,0.7971,0.42982,1.27058,0.000298,0.000298,0.000298
198,1932.54,0.63967,0.40058,1.09828,6.645235,0.93171,0.96737,0.9754,0.79979,0.79894,0.43038,1.27325,0.0002485,0.0002485,0.0002485
199,1942.12,0.63078,0.3948,1.09103,6.564795,0.92844,0.96822,0.97647,0.80002,0.79923,0.43004,1.27433,0.000199,0.000199,0.000199
200,1951.73,0.63234,0.40313,1.1001,6.594265,0.92817,0.96822,0.97612,0.80047,0.79841,0.42905,1.27522,0.0001495,0.0001495,0.0001495
